{
    "events": [
        {
            "title": "Tech Conference",
            "date": "2025-10-01",
            "description": "An insightful tech conference on AI and ML.",
            "image": "url_to_tech_conference_image"
        },
        {
            "title": "BCU Open Day",
            "date": "2025-11-15",
            "description": "Explore BCU's campus and get insights about various programs.",
            "image": "url_to_open_day_image"
        },
        {
            "title": "Creative Arts Showcase",
            "date": "2025-12-05",
            "description": "A showcase of innovative projects from BCU's creative arts students.",
            "image": "url_to_creative_arts_showcase_image"
        },
        {
            "title": "Business Networking Event",
            "date": "2025-09-20",
            "description": "Network with industry leaders and fellow students.",
            "image": "url_to_business_networking_image"
        },
        {
            "title": "Sports Day",
            "date": "2025-07-10",
            "description": "A day full of sports activities and competitions.",
            "image": "url_to_sports_day_image"
        }
    ]
}