{
    "news": [
        {
            "title": "New Research Lab",
            "date": "2025-09-15",
            "description": "BCU UK has launched a new research lab on AI."
        },
        {
            "title": "BCU Hosts Annual Technology Conference",
            "date": "2025-10-10",
            "description": "BCU will host its annual technology conference, bringing together industry leaders and students."
        },
        {
            "title": "Student Art Exhibition",
            "date": "2025-11-05",
            "description": "The university will showcase student artwork in a month-long exhibition at the main gallery."
        },
        {
            "title": "BCU Football Team Wins Championship",
            "date": "2025-12-20",
            "description": "The BCU football team secured the championship title in a thrilling final match."
        },
        {
            "title": "New Scholarship Program Announced",
            "date": "2026-01-15",
            "description": "BCU has announced a new scholarship program aimed at supporting underprivileged students."
        }
    ]
}